<?xml version="1.0" encoding="UTF-8" ?>
<!DOCTYPE mapper
        PUBLIC "-//mybatis.org//DTD Mapper 3.0//EN"
        "https://mybatis.org/dtd/mybatis-3-mapper.dtd">
<mapper namespace="com.glxy.mapper.BookMapper">
    <resultMap id="BookResultMap" type="com.glxy.bean.Book">
        <result column="book_name" property="bookName"/>

    </resultMap>

    <select id="selectAll" resultMap="BookResultMap">
        select * from book
    </select>
    <select id="selectById" resultMap="BookResultMap">
        select * from book where id = #{id}
    </select>
    <select id="selectCondition" resultMap="BookResultMap">
        select * from book
        where
        book_name = #{queryName} or writer = #{queryName}
    </select>

    <select id="selectByIdBooks" resultMap="BookResultMap">
        select * from book
        <where>
            <if test="bookName != null and bookName != ''">
                and
                book_name = #{bookName}
            </if>
            <if test="writer != null and writer != ''">
                and
                writer = #{writer}
            </if>
        </where>
    </select>
    <insert id="addBook">
        insert into book
        (book_name, writer, description)
        value
        (#{bookName}, #{writer}, #{description});
    </insert>
    <insert id="add2" useGeneratedKeys="true" keyProperty="id"><!--获取主键的id需要的字段属性-->
        insert into book
        (book_name,writer, description)
        value
        (#{bookName}, #{writer}, #{description});
    </insert>
    <update id="update">
        update book
        <set>
            <if test="bookName != null and bookName != ''">
                book_name = #{bookName},
            </if>
            <if test="writer != null and writer != ''">
                writer = #{writer},
            </if>
            <if test="description != null and description != ''">
                description = #{description},
            </if>
        </set>
        where id = #{id}
    </update>
    <!-- 批量删除 -->
    <delete id="deleteByID">
        delete from book
        where id = #{id}
    </delete>
    <delete id="delete">
        delete from book
        where id in
        <foreach collection = "id" item = "ids" open = "(" close = ")" separator = ",">
            #{id}
        </foreach>
    </delete>

</mapper>