<?xml version="1.0" encoding="UTF-8" ?>
<!DOCTYPE mapper
        PUBLIC "-//mybatis.org//DTD Mapper 3.0//EN"
        "https://mybatis.org/dtd/mybatis-3-mapper.dtd">
<mapper namespace="com.glxy.mapper.BrandMapper">
    <resultMap id="BrandResultMap" type="com.glxy.bean.Brand">
        <result column="brand_name" property="brandName"/>
        <result column="company_name" property="companyName"/>
    </resultMap>

    <select id="selectAll" resultMap="BrandResultMap">
        select * from tb_brand
    </select>
    <select id="selectById" resultMap="BrandResultMap">
        select * from tb_brand where id = #{id}
    </select>
    
    <select id="selectCondition" resultMap="BrandResultMap">

        select * from tb_brand
        where
        brand_name = #{brandName}
        and
        company_name = #{companyName}
        and
        status = #{status}
    </select>

    <select id="selectByIdBrands" resultMap="BrandResultMap">
        select * from tb_brand
        <where>
            <if test="brandName != null and brandName != ''">
                and
                brand_name = #{brandName}
            </if>
            <if test="companyName != null and companyName != ''">
                and
                company_name = #{companyName}
            </if>
            <if test="status != null and status != ''">
                and 
                status = #{status}
            </if>
        </where>
    </select>
    <insert id="add">
        insert into tb_brand
            (brand_name, company_name, ordered, description, status)
        value
            (#{brandName}, #{companyName}, #{ordered}, #{description}, #{status});
    </insert>
    <insert id="add2" useGeneratedKeys="true" keyProperty="id"><!--获取主键的id需要的字段属性-->
        insert into tb_brand
            (brand_name, company_name, ordered, description, status)
        value
            (#{brandName}, #{companyName}, #{ordered}, #{description}, #{status});
    </insert>
    <update id="update">
        update tb_brand
        <set>
            <if test="brandName != null and brandName != ''">
                brand_name = #{brandName},
            </if>
            <if test="companyName != null and companyName != ''">
                company_name = #{companyName},
            </if>
            <if test="ordered != null and ordered != ''">
                ordered = #{ordered},
            </if>
            <if test="description != null and description != ''">
                description = #{description},
            </if>
            <if test="status != null and status != ''">
                status = #{status}
            </if>
        </set>
        where id = #{id}
    </update>
<!-- 批量删除 -->
    <delete id="delete">
        delete from tb_brand
        where id in
        <foreach collection = "id" item = "ids" open = "(" close = ")" separator = ",">
            #{id}
        </foreach>

    </delete>

</mapper>