<?xml version="1.0" encoding="UTF-8" ?>
<!DOCTYPE mapper
        PUBLIC "-//mybatis.org//DTD Mapper 3.0//EN"
        "https://mybatis.org/dtd/mybatis-3-mapper.dtd">
<mapper namespace="com.glxy.mapper.UserMapper">
    <resultMap id="UserResultMap" type="com.glxy.bean.User">

    </resultMap>
    <select id="selectAll" resultMap="UserResultMap">
        select * from tb_user
    </select>
    <select id="selectByUserAndPassword" resultMap="UserResultMap">
        select * from tb_user
        <where>
            <if test="username != null and username != ''">
                and
                username = #{username}
            </if>
            <if test="password != null and password != ''">
                and
                password = #{password}
            </if>
        </where>
    </select>
</mapper>